nome,estado,decada,frequencia,frequencia_total_geral
mozart,Bahia,"[1950,1960[",22,
mozart,Bahia,"[1960,1970[",25,
mozart,Bahia,"[1970,1980[",20,
mozart,Bahia,"[1980,1990[",16,
mozart,Minas Gerais,1930[,31,
mozart,Minas Gerais,"[1930,1940[",102,
mozart,Minas Gerais,"[1940,1950[",139,
mozart,Minas Gerais,"[1950,1960[",174,
mozart,Minas Gerais,"[1960,1970[",194,
mozart,Minas Gerais,"[1970,1980[",85,
mozart,Minas Gerais,"[1980,1990[",74,
mozart,Minas Gerais,"[1990,2000[",46,
mozart,Goiás,"[1930,1940[",17,
mozart,Goiás,"[1940,1950[",29,
mozart,Goiás,"[1950,1960[",33,
mozart,Goiás,"[1960,1970[",30,
mozart,Goiás,"[1970,1980[",19,
mozart,Goiás,"[1980,1990[",16,
mozart,Ceará,"[1960,1970[",20,
mozart,Ceará,"[1980,1990[",16,
mozart,Paraná,"[1930,1940[",15,
mozart,Paraná,"[1940,1950[",24,
mozart,Paraná,"[1950,1960[",28,
mozart,Paraná,"[1960,1970[",38,
mozart,Paraná,"[1970,1980[",24,
mozart,Paraná,"[1980,1990[",31,
mozart,Paraná,"[1990,2000[",29,
mozart,Rio de Janeiro,1930[,22,
mozart,Rio de Janeiro,"[1930,1940[",23,
mozart,Rio de Janeiro,"[1940,1950[",50,
mozart,Rio de Janeiro,"[1950,1960[",80,
mozart,Rio de Janeiro,"[1960,1970[",97,
mozart,Rio de Janeiro,"[1970,1980[",63,
mozart,Rio de Janeiro,"[1980,1990[",53,
mozart,Rio de Janeiro,"[1990,2000[",31,
mozart,Santa Catarina,"[1960,1970[",17,
mozart,Pernambuco,"[1940,1950[",19,
mozart,Pernambuco,"[1950,1960[",32,
mozart,Pernambuco,"[1960,1970[",51,
mozart,Pernambuco,"[1970,1980[",38,
mozart,Pernambuco,"[1980,1990[",28,
mozart,Pernambuco,"[1990,2000[",22,
mozart,Rio Grande do Norte,"[1990,2000[",16,
mozart,Rio Grande do Sul,"[1930,1940[",23,
mozart,Rio Grande do Sul,"[1940,1950[",29,
mozart,Rio Grande do Sul,"[1950,1960[",51,
mozart,Rio Grande do Sul,"[1960,1970[",56,
mozart,Rio Grande do Sul,"[1970,1980[",24,
mozart,Rio Grande do Sul,"[1980,1990[",25,
mozart,Rio Grande do Sul,"[1990,2000[",23,
mozart,São Paulo,"[1930,1940[",52,
mozart,São Paulo,"[1940,1950[",71,
mozart,São Paulo,"[1950,1960[",137,
mozart,São Paulo,"[1960,1970[",145,
mozart,São Paulo,"[1970,1980[",95,
mozart,São Paulo,"[1980,1990[",80,
mozart,São Paulo,"[1990,2000[",57,
mozart,São Paulo,"[2000,2010[",20,
mozart,Distrito Federal,"[1950,1960[",19,
mozart,Todos os estados,Todas as décadas,,2846
paulo,Bahia,1930[,346,
paulo,Bahia,"[1930,1940[",785,
paulo,Bahia,"[1940,1950[",1933,
paulo,Bahia,"[1950,1960[",5745,
paulo,Bahia,"[1960,1970[",11961,
paulo,Bahia,"[1970,1980[",15233,
paulo,Bahia,"[1980,1990[",15654,
paulo,Bahia,"[1990,2000[",13145,
paulo,Bahia,"[2000,2010[",12913,
paulo,Minas Gerais,1930[,770,
paulo,Minas Gerais,"[1930,1940[",2716,
paulo,Minas Gerais,"[1940,1950[",7245,
paulo,Minas Gerais,"[1950,1960[",18638,
paulo,Minas Gerais,"[1960,1970[",28011,
paulo,Minas Gerais,"[1970,1980[",27662,
paulo,Minas Gerais,"[1980,1990[",26821,
paulo,Minas Gerais,"[1990,2000[",25016,
paulo,Minas Gerais,"[2000,2010[",15487,
paulo,Goiás,1930[,117,
paulo,Goiás,"[1930,1940[",332,
paulo,Goiás,"[1940,1950[",1053,
paulo,Goiás,"[1950,1960[",3182,
paulo,Goiás,"[1960,1970[",6309,
paulo,Goiás,"[1970,1980[",7192,
paulo,Goiás,"[1980,1990[",9865,
paulo,Goiás,"[1990,2000[",10038,
paulo,Goiás,"[2000,2010[",6340,
paulo,Pará,1930[,140,
paulo,Pará,"[1930,1940[",394,
paulo,Pará,"[1940,1950[",1060,
paulo,Pará,"[1950,1960[",3689,
paulo,Pará,"[1960,1970[",7117,
paulo,Pará,"[1970,1980[",8834,
paulo,Pará,"[1980,1990[",10166,
paulo,Pará,"[1990,2000[",10430,
paulo,Pará,"[2000,2010[",11790,
paulo,Ceará,1930[,247,
paulo,Ceará,"[1930,1940[",608,
paulo,Ceará,"[1940,1950[",1253,
paulo,Ceará,"[1950,1960[",2806,
paulo,Ceará,"[1960,1970[",6119,
paulo,Ceará,"[1970,1980[",9562,
paulo,Ceará,"[1980,1990[",14458,
paulo,Ceará,"[1990,2000[",12540,
paulo,Ceará,"[2000,2010[",10361,
paulo,Paraná,1930[,330,
paulo,Paraná,"[1930,1940[",1215,
paulo,Paraná,"[1940,1950[",2995,
paulo,Paraná,"[1950,1960[",7800,
paulo,Paraná,"[1960,1970[",15834,
paulo,Paraná,"[1970,1980[",18503,
paulo,Paraná,"[1980,1990[",15323,
paulo,Paraná,"[1990,2000[",11478,
paulo,Paraná,"[2000,2010[",6684,
paulo,Rio de Janeiro,1930[,885,
paulo,Rio de Janeiro,"[1930,1940[",3106,
paulo,Rio de Janeiro,"[1940,1950[",12566,
paulo,Rio de Janeiro,"[1950,1960[",32936,
paulo,Rio de Janeiro,"[1960,1970[",35381,
paulo,Rio de Janeiro,"[1970,1980[",26386,
paulo,Rio de Janeiro,"[1980,1990[",20970,
paulo,Rio de Janeiro,"[1990,2000[",15694,
paulo,Rio de Janeiro,"[2000,2010[",10873,
paulo,Santa Catarina,1930[,176,
paulo,Santa Catarina,"[1930,1940[",633,
paulo,Santa Catarina,"[1940,1950[",1690,
paulo,Santa Catarina,"[1950,1960[",4796,
paulo,Santa Catarina,"[1960,1970[",8303,
paulo,Santa Catarina,"[1970,1980[",8709,
paulo,Santa Catarina,"[1980,1990[",7329,
paulo,Santa Catarina,"[1990,2000[",4828,
paulo,Santa Catarina,"[2000,2010[",3132,
paulo,Pernambuco,1930[,254,
paulo,Pernambuco,"[1930,1940[",824,
paulo,Pernambuco,"[1940,1950[",2534,
paulo,Pernambuco,"[1950,1960[",5557,
paulo,Pernambuco,"[1960,1970[",8320,
paulo,Pernambuco,"[1970,1980[",10147,
paulo,Pernambuco,"[1980,1990[",11714,
paulo,Pernambuco,"[1990,2000[",9938,
paulo,Pernambuco,"[2000,2010[",7927,
paulo,Tocantins,1930[,23,
paulo,Tocantins,"[1930,1940[",59,
paulo,Tocantins,"[1940,1950[",163,
paulo,Tocantins,"[1950,1960[",443,
paulo,Tocantins,"[1960,1970[",893,
paulo,Tocantins,"[1970,1980[",1264,
paulo,Tocantins,"[1980,1990[",1776,
paulo,Tocantins,"[1990,2000[",2290,
paulo,Tocantins,"[2000,2010[",1975,
paulo,Rondônia,1930[,19,
paulo,Rondônia,"[1930,1940[",96,
paulo,Rondônia,"[1940,1950[",274,
paulo,Rondônia,"[1950,1960[",714,
paulo,Rondônia,"[1960,1970[",1751,
paulo,Rondônia,"[1970,1980[",2182,
paulo,Rondônia,"[1980,1990[",1858,
paulo,Rondônia,"[1990,2000[",1802,
paulo,Rondônia,"[2000,2010[",1706,
paulo,Maranhão,1930[,153,
paulo,Maranhão,"[1930,1940[",393,
paulo,Maranhão,"[1940,1950[",705,
paulo,Maranhão,"[1950,1960[",1416,
paulo,Maranhão,"[1960,1970[",2773,
paulo,Maranhão,"[1970,1980[",4783,
paulo,Maranhão,"[1980,1990[",7402,
paulo,Maranhão,"[1990,2000[",8988,
paulo,Maranhão,"[2000,2010[",10359,
paulo,Rio Grande do Norte,1930[,122,
paulo,Rio Grande do Norte,"[1930,1940[",381,
paulo,Rio Grande do Norte,"[1940,1950[",724,
paulo,Rio Grande do Norte,"[1950,1960[",1427,
paulo,Rio Grande do Norte,"[1960,1970[",2556,
paulo,Rio Grande do Norte,"[1970,1980[",3260,
paulo,Rio Grande do Norte,"[1980,1990[",4147,
paulo,Rio Grande do Norte,"[1990,2000[",3885,
paulo,Rio Grande do Norte,"[2000,2010[",3082,
paulo,Piauí,1930[,50,
paulo,Piauí,"[1930,1940[",157,
paulo,Piauí,"[1940,1950[",345,
paulo,Piauí,"[1950,1960[",860,
paulo,Piauí,"[1960,1970[",1916,
paulo,Piauí,"[1970,1980[",3183,
paulo,Piauí,"[1980,1990[",3697,
paulo,Piauí,"[1990,2000[",3626,
paulo,Piauí,"[2000,2010[",3207,
paulo,Rio Grande do Sul,1930[,352,
paulo,Rio Grande do Sul,"[1930,1940[",1399,
paulo,Rio Grande do Sul,"[1940,1950[",5347,
paulo,Rio Grande do Sul,"[1950,1960[",18862,
paulo,Rio Grande do Sul,"[1960,1970[",31405,
paulo,Rio Grande do Sul,"[1970,1980[",25521,
paulo,Rio Grande do Sul,"[1980,1990[",14197,
paulo,Rio Grande do Sul,"[1990,2000[",7295,
paulo,Rio Grande do Sul,"[2000,2010[",4079,
paulo,Espírito Santo,1930[,109,
paulo,Espírito Santo,"[1930,1940[",302,
paulo,Espírito Santo,"[1940,1950[",1024,
paulo,Espírito Santo,"[1950,1960[",3463,
paulo,Espírito Santo,"[1960,1970[",5488,
paulo,Espírito Santo,"[1970,1980[",5243,
paulo,Espírito Santo,"[1980,1990[",3904,
paulo,Espírito Santo,"[1990,2000[",3380,
paulo,Espírito Santo,"[2000,2010[",2900,
paulo,Mato Grosso,1930[,51,
paulo,Mato Grosso,"[1930,1940[",181,
paulo,Mato Grosso,"[1940,1950[",533,
paulo,Mato Grosso,"[1950,1960[",1471,
paulo,Mato Grosso,"[1960,1970[",3352,
paulo,Mato Grosso,"[1970,1980[",4566,
paulo,Mato Grosso,"[1980,1990[",4399,
paulo,Mato Grosso,"[1990,2000[",3760,
paulo,Mato Grosso,"[2000,2010[",3032,
paulo,Acre,"[1930,1940[",36,
paulo,Acre,"[1940,1950[",60,
paulo,Acre,"[1950,1960[",168,
paulo,Acre,"[1960,1970[",348,
paulo,Acre,"[1970,1980[",519,
paulo,Acre,"[1980,1990[",721,
paulo,Acre,"[1990,2000[",884,
paulo,Acre,"[2000,2010[",1201,
paulo,Amazonas,1930[,55,
paulo,Amazonas,"[1930,1940[",192,
paulo,Amazonas,"[1940,1950[",504,
paulo,Amazonas,"[1950,1960[",1526,
paulo,Amazonas,"[1960,1970[",2865,
paulo,Amazonas,"[1970,1980[",3623,
paulo,Amazonas,"[1980,1990[",4205,
paulo,Amazonas,"[1990,2000[",4115,
paulo,Amazonas,"[2000,2010[",4941,
paulo,São Paulo,1930[,1672,
paulo,São Paulo,"[1930,1940[",5644,
paulo,São Paulo,"[1940,1950[",14747,
paulo,São Paulo,"[1950,1960[",39920,
paulo,São Paulo,"[1960,1970[",69634,
paulo,São Paulo,"[1970,1980[",71267,
paulo,São Paulo,"[1980,1990[",62007,
paulo,São Paulo,"[1990,2000[",41879,
paulo,São Paulo,"[2000,2010[",26867,
paulo,Mato Grosso do Sul,1930[,60,
paulo,Mato Grosso do Sul,"[1930,1940[",228,
paulo,Mato Grosso do Sul,"[1940,1950[",557,
paulo,Mato Grosso do Sul,"[1950,1960[",1530,
paulo,Mato Grosso do Sul,"[1960,1970[",3048,
paulo,Mato Grosso do Sul,"[1970,1980[",3936,
paulo,Mato Grosso do Sul,"[1980,1990[",3693,
paulo,Mato Grosso do Sul,"[1990,2000[",3173,
paulo,Mato Grosso do Sul,"[2000,2010[",2253,
paulo,Paraíba,1930[,115,
paulo,Paraíba,"[1930,1940[",406,
paulo,Paraíba,"[1940,1950[",928,
paulo,Paraíba,"[1950,1960[",1784,
paulo,Paraíba,"[1960,1970[",3112,
paulo,Paraíba,"[1970,1980[",3629,
paulo,Paraíba,"[1980,1990[",4081,
paulo,Paraíba,"[1990,2000[",3053,
paulo,Paraíba,"[2000,2010[",2719,
paulo,Alagoas,1930[,46,
paulo,Alagoas,"[1930,1940[",216,
paulo,Alagoas,"[1940,1950[",666,
paulo,Alagoas,"[1950,1960[",1479,
paulo,Alagoas,"[1960,1970[",2410,
paulo,Alagoas,"[1970,1980[",3028,
paulo,Alagoas,"[1980,1990[",3507,
paulo,Alagoas,"[1990,2000[",3456,
paulo,Alagoas,"[2000,2010[",3303,
paulo,Roraima,"[1930,1940[",21,
paulo,Roraima,"[1940,1950[",53,
paulo,Roraima,"[1950,1960[",190,
paulo,Roraima,"[1960,1970[",356,
paulo,Roraima,"[1970,1980[",430,
paulo,Roraima,"[1980,1990[",548,
paulo,Roraima,"[1990,2000[",557,
paulo,Roraima,"[2000,2010[",524,
paulo,Sergipe,1930[,69,
paulo,Sergipe,"[1930,1940[",185,
paulo,Sergipe,"[1940,1950[",410,
paulo,Sergipe,"[1950,1960[",774,
paulo,Sergipe,"[1960,1970[",1360,
paulo,Sergipe,"[1970,1980[",1781,
paulo,Sergipe,"[1980,1990[",2080,
paulo,Sergipe,"[1990,2000[",1945,
paulo,Sergipe,"[2000,2010[",1881,
paulo,Amapá,"[1930,1940[",20,
paulo,Amapá,"[1940,1950[",47,
paulo,Amapá,"[1950,1960[",263,
paulo,Amapá,"[1960,1970[",614,
paulo,Amapá,"[1970,1980[",753,
paulo,Amapá,"[1980,1990[",848,
paulo,Amapá,"[1990,2000[",791,
paulo,Amapá,"[2000,2010[",997,
paulo,Distrito Federal,1930[,56,
paulo,Distrito Federal,"[1930,1940[",210,
paulo,Distrito Federal,"[1940,1950[",657,
paulo,Distrito Federal,"[1950,1960[",1719,
paulo,Distrito Federal,"[1960,1970[",3351,
paulo,Distrito Federal,"[1970,1980[",3548,
paulo,Distrito Federal,"[1980,1990[",4224,
paulo,Distrito Federal,"[1990,2000[",3279,
paulo,Distrito Federal,"[2000,2010[",2335,
paulo,Todos os estados,Todas as décadas,,1423245
maria,Bahia,1930[,25846,
maria,Bahia,"[1930,1940[",50476,
maria,Bahia,"[1940,1950[",94216,
maria,Bahia,"[1950,1960[",154528,
maria,Bahia,"[1960,1970[",171243,
maria,Bahia,"[1970,1980[",117485,
maria,Bahia,"[1980,1990[",62027,
maria,Bahia,"[1990,2000[",28442,
maria,Bahia,"[2000,2010[",61975,
maria,Minas Gerais,1930[,45654,
maria,Minas Gerais,"[1930,1940[",102516,
maria,Minas Gerais,"[1940,1950[",200206,
maria,Minas Gerais,"[1950,1960[",320979,
maria,Minas Gerais,"[1960,1970[",295176,
maria,Minas Gerais,"[1970,1980[",147248,
maria,Minas Gerais,"[1980,1990[",57088,
maria,Minas Gerais,"[1990,2000[",30774,
maria,Minas Gerais,"[2000,2010[",108009,
maria,Goiás,1930[,6897,
maria,Goiás,"[1930,1940[",17718,
maria,Goiás,"[1940,1950[",37414,
maria,Goiás,"[1950,1960[",66625,
maria,Goiás,"[1960,1970[",75555,
maria,Goiás,"[1970,1980[",47929,
maria,Goiás,"[1980,1990[",20678,
maria,Goiás,"[1990,2000[",8308,
maria,Goiás,"[2000,2010[",33228,
maria,Pará,1930[,7808,
maria,Pará,"[1930,1940[",19971,
maria,Pará,"[1940,1950[",46942,
maria,Pará,"[1950,1960[",88954,
maria,Pará,"[1960,1970[",103483,
maria,Pará,"[1970,1980[",87215,
maria,Pará,"[1980,1990[",55754,
maria,Pará,"[1990,2000[",26787,
maria,Pará,"[2000,2010[",35977,
maria,Ceará,1930[,27297,
maria,Ceará,"[1930,1940[",57303,
maria,Ceará,"[1940,1950[",104428,
maria,Ceará,"[1950,1960[",156037,
maria,Ceará,"[1960,1970[",174567,
maria,Ceará,"[1970,1980[",148186,
maria,Ceará,"[1980,1990[",117578,
maria,Ceará,"[1990,2000[",87597,
maria,Ceará,"[2000,2010[",94049,
maria,Paraná,1930[,12392,
maria,Paraná,"[1930,1940[",30834,
maria,Paraná,"[1940,1950[",62774,
maria,Paraná,"[1950,1960[",102664,
maria,Paraná,"[1960,1970[",95958,
maria,Paraná,"[1970,1980[",47592,
maria,Paraná,"[1980,1990[",17173,
maria,Paraná,"[1990,2000[",11388,
maria,Paraná,"[2000,2010[",51400,
maria,Rio de Janeiro,1930[,32516,
maria,Rio de Janeiro,"[1930,1940[",69834,
maria,Rio de Janeiro,"[1940,1950[",127007,
maria,Rio de Janeiro,"[1950,1960[",189005,
maria,Rio de Janeiro,"[1960,1970[",144216,
maria,Rio de Janeiro,"[1970,1980[",65183,
maria,Rio de Janeiro,"[1980,1990[",28041,
maria,Rio de Janeiro,"[1990,2000[",17720,
maria,Rio de Janeiro,"[2000,2010[",78499,
maria,Santa Catarina,1930[,6169,
maria,Santa Catarina,"[1930,1940[",14154,
maria,Santa Catarina,"[1940,1950[",29532,
maria,Santa Catarina,"[1950,1960[",51234,
maria,Santa Catarina,"[1960,1970[",48001,
maria,Santa Catarina,"[1970,1980[",18952,
maria,Santa Catarina,"[1980,1990[",8030,
maria,Santa Catarina,"[1990,2000[",7739,
maria,Santa Catarina,"[2000,2010[",26747,
maria,Pernambuco,1930[,22159,
maria,Pernambuco,"[1930,1940[",47775,
maria,Pernambuco,"[1940,1950[",89392,
maria,Pernambuco,"[1950,1960[",140507,
maria,Pernambuco,"[1960,1970[",161796,
maria,Pernambuco,"[1970,1980[",130307,
maria,Pernambuco,"[1980,1990[",89874,
maria,Pernambuco,"[1990,2000[",63750,
maria,Pernambuco,"[2000,2010[",92974,
maria,Tocantins,1930[,1424,
maria,Tocantins,"[1930,1940[",3753,
maria,Tocantins,"[1940,1950[",8231,
maria,Tocantins,"[1950,1960[",15625,
maria,Tocantins,"[1960,1970[",19289,
maria,Tocantins,"[1970,1980[",16342,
maria,Tocantins,"[1980,1990[",9677,
maria,Tocantins,"[1990,2000[",4166,
maria,Tocantins,"[2000,2010[",8533,
maria,Rondônia,1930[,1059,
maria,Rondônia,"[1930,1940[",3239,
maria,Rondônia,"[1940,1950[",7404,
maria,Rondônia,"[1950,1960[",15380,
maria,Rondônia,"[1960,1970[",19199,
maria,Rondônia,"[1970,1980[",13179,
maria,Rondônia,"[1980,1990[",5167,
maria,Rondônia,"[1990,2000[",2017,
maria,Rondônia,"[2000,2010[",5935,
maria,Maranhão,1930[,10931,
maria,Maranhão,"[1930,1940[",26957,
maria,Maranhão,"[1940,1950[",57024,
maria,Maranhão,"[1950,1960[",102579,
maria,Maranhão,"[1960,1970[",114802,
maria,Maranhão,"[1970,1980[",96243,
maria,Maranhão,"[1980,1990[",73770,
maria,Maranhão,"[1990,2000[",43043,
maria,Maranhão,"[2000,2010[",49340,
maria,Rio Grande do Norte,1930[,9754,
maria,Rio Grande do Norte,"[1930,1940[",18021,
maria,Rio Grande do Norte,"[1940,1950[",35287,
maria,Rio Grande do Norte,"[1950,1960[",55308,
maria,Rio Grande do Norte,"[1960,1970[",67079,
maria,Rio Grande do Norte,"[1970,1980[",54168,
maria,Rio Grande do Norte,"[1980,1990[",40029,
maria,Rio Grande do Norte,"[1990,2000[",24297,
maria,Rio Grande do Norte,"[2000,2010[",37997,
maria,Piauí,1930[,7461,
maria,Piauí,"[1930,1940[",17529,
maria,Piauí,"[1940,1950[",35814,
maria,Piauí,"[1950,1960[",61345,
maria,Piauí,"[1960,1970[",68651,
maria,Piauí,"[1970,1980[",58775,
maria,Piauí,"[1980,1990[",44600,
maria,Piauí,"[1990,2000[",30231,
maria,Piauí,"[2000,2010[",38733,
maria,Rio Grande do Sul,1930[,13445,
maria,Rio Grande do Sul,"[1930,1940[",28443,
maria,Rio Grande do Sul,"[1940,1950[",53535,
maria,Rio Grande do Sul,"[1950,1960[",84031,
maria,Rio Grande do Sul,"[1960,1970[",68092,
maria,Rio Grande do Sul,"[1970,1980[",27836,
maria,Rio Grande do Sul,"[1980,1990[",10359,
maria,Rio Grande do Sul,"[1990,2000[",7084,
maria,Rio Grande do Sul,"[2000,2010[",29413,
maria,Espírito Santo,1930[,4657,
maria,Espírito Santo,"[1930,1940[",10408,
maria,Espírito Santo,"[1940,1950[",21722,
maria,Espírito Santo,"[1950,1960[",41552,
maria,Espírito Santo,"[1960,1970[",40969,
maria,Espírito Santo,"[1970,1980[",23015,
maria,Espírito Santo,"[1980,1990[",8378,
maria,Espírito Santo,"[1990,2000[",3631,
maria,Espírito Santo,"[2000,2010[",14749,
maria,Mato Grosso,1930[,2042,
maria,Mato Grosso,"[1930,1940[",5830,
maria,Mato Grosso,"[1940,1950[",12788,
maria,Mato Grosso,"[1950,1960[",25026,
maria,Mato Grosso,"[1960,1970[",30703,
maria,Mato Grosso,"[1970,1980[",21536,
maria,Mato Grosso,"[1980,1990[",9569,
maria,Mato Grosso,"[1990,2000[",4013,
maria,Mato Grosso,"[2000,2010[",14477,
maria,Acre,1930[,694,
maria,Acre,"[1930,1940[",1709,
maria,Acre,"[1940,1950[",4052,
maria,Acre,"[1950,1960[",8361,
maria,Acre,"[1960,1970[",12091,
maria,Acre,"[1970,1980[",13060,
maria,Acre,"[1980,1990[",10370,
maria,Acre,"[1990,2000[",6697,
maria,Acre,"[2000,2010[",6138,
maria,Amazonas,1930[,2966,
maria,Amazonas,"[1930,1940[",6911,
maria,Amazonas,"[1940,1950[",15834,
maria,Amazonas,"[1950,1960[",32556,
maria,Amazonas,"[1960,1970[",38749,
maria,Amazonas,"[1970,1980[",30584,
maria,Amazonas,"[1980,1990[",18806,
maria,Amazonas,"[1990,2000[",10195,
maria,Amazonas,"[2000,2010[",16433,
maria,São Paulo,1930[,65218,
maria,São Paulo,"[1930,1940[",150588,
maria,São Paulo,"[1940,1950[",313277,
maria,São Paulo,"[1950,1960[",541950,
maria,São Paulo,"[1960,1970[",487742,
maria,São Paulo,"[1970,1980[",252657,
maria,São Paulo,"[1980,1990[",105600,
maria,São Paulo,"[1990,2000[",48444,
maria,São Paulo,"[2000,2010[",177756,
maria,Mato Grosso do Sul,1930[,2181,
maria,Mato Grosso do Sul,"[1930,1940[",5400,
maria,Mato Grosso do Sul,"[1940,1950[",11372,
maria,Mato Grosso do Sul,"[1950,1960[",22394,
maria,Mato Grosso do Sul,"[1960,1970[",24335,
maria,Mato Grosso do Sul,"[1970,1980[",14189,
maria,Mato Grosso do Sul,"[1980,1990[",5500,
maria,Mato Grosso do Sul,"[1990,2000[",2814,
maria,Mato Grosso do Sul,"[2000,2010[",12464,
maria,Paraíba,1930[,12258,
maria,Paraíba,"[1930,1940[",24760,
maria,Paraíba,"[1940,1950[",45297,
maria,Paraíba,"[1950,1960[",72472,
maria,Paraíba,"[1960,1970[",83503,
maria,Paraíba,"[1970,1980[",65577,
maria,Paraíba,"[1980,1990[",45544,
maria,Paraíba,"[1990,2000[",29355,
maria,Paraíba,"[2000,2010[",44260,
maria,Alagoas,1930[,6211,
maria,Alagoas,"[1930,1940[",13698,
maria,Alagoas,"[1940,1950[",28976,
maria,Alagoas,"[1950,1960[",50842,
maria,Alagoas,"[1960,1970[",62137,
maria,Alagoas,"[1970,1980[",55177,
maria,Alagoas,"[1980,1990[",39627,
maria,Alagoas,"[1990,2000[",28655,
maria,Alagoas,"[2000,2010[",36007,
maria,Roraima,1930[,305,
maria,Roraima,"[1930,1940[",774,
maria,Roraima,"[1940,1950[",1923,
maria,Roraima,"[1950,1960[",4109,
maria,Roraima,"[1960,1970[",5113,
maria,Roraima,"[1970,1980[",3805,
maria,Roraima,"[1980,1990[",2115,
maria,Roraima,"[1990,2000[",855,
maria,Roraima,"[2000,2010[",1849,
maria,Sergipe,1930[,5793,
maria,Sergipe,"[1930,1940[",12119,
maria,Sergipe,"[1940,1950[",22566,
maria,Sergipe,"[1950,1960[",34035,
maria,Sergipe,"[1960,1970[",40541,
maria,Sergipe,"[1970,1980[",30029,
maria,Sergipe,"[1980,1990[",17602,
maria,Sergipe,"[1990,2000[",10442,
maria,Sergipe,"[2000,2010[",15492,
maria,Amapá,1930[,573,
maria,Amapá,"[1930,1940[",1340,
maria,Amapá,"[1940,1950[",3252,
maria,Amapá,"[1950,1960[",6608,
maria,Amapá,"[1960,1970[",8480,
maria,Amapá,"[1970,1980[",6623,
maria,Amapá,"[1980,1990[",3589,
maria,Amapá,"[1990,2000[",1586,
maria,Amapá,"[2000,2010[",3247,
maria,Distrito Federal,1930[,2767,
maria,Distrito Federal,"[1930,1940[",6993,
maria,Distrito Federal,"[1940,1950[",16777,
maria,Distrito Federal,"[1950,1960[",31776,
maria,Distrito Federal,"[1960,1970[",34021,
maria,Distrito Federal,"[1970,1980[",23127,
maria,Distrito Federal,"[1980,1990[",11423,
maria,Distrito Federal,"[1990,2000[",4266,
maria,Distrito Federal,"[2000,2010[",15620,
maria,Todos os estados,Todas as décadas,,11734129
gustavo,Bahia,1930[,36,
gustavo,Bahia,"[1930,1940[",53,
gustavo,Bahia,"[1940,1950[",123,
gustavo,Bahia,"[1950,1960[",200,
gustavo,Bahia,"[1960,1970[",295,
gustavo,Bahia,"[1970,1980[",879,
gustavo,Bahia,"[1980,1990[",1697,
gustavo,Bahia,"[1990,2000[",4221,
gustavo,Bahia,"[2000,2010[",18570,
gustavo,Minas Gerais,1930[,61,
gustavo,Minas Gerais,"[1930,1940[",108,
gustavo,Minas Gerais,"[1940,1950[",143,
gustavo,Minas Gerais,"[1950,1960[",241,
gustavo,Minas Gerais,"[1960,1970[",501,
gustavo,Minas Gerais,"[1970,1980[",3082,
gustavo,Minas Gerais,"[1980,1990[",9065,
gustavo,Minas Gerais,"[1990,2000[",21318,
gustavo,Minas Gerais,"[2000,2010[",32122,
gustavo,Goiás,"[1930,1940[",29,
gustavo,Goiás,"[1940,1950[",35,
gustavo,Goiás,"[1950,1960[",66,
gustavo,Goiás,"[1960,1970[",133,
gustavo,Goiás,"[1970,1980[",622,
gustavo,Goiás,"[1980,1990[",1983,
gustavo,Goiás,"[1990,2000[",6099,
gustavo,Goiás,"[2000,2010[",12130,
gustavo,Pará,"[1930,1940[",15,
gustavo,Pará,"[1940,1950[",29,
gustavo,Pará,"[1950,1960[",56,
gustavo,Pará,"[1960,1970[",107,
gustavo,Pará,"[1970,1980[",336,
gustavo,Pará,"[1980,1990[",951,
gustavo,Pará,"[1990,2000[",2387,
gustavo,Pará,"[2000,2010[",9264,
gustavo,Ceará,1930[,21,
gustavo,Ceará,"[1930,1940[",33,
gustavo,Ceará,"[1940,1950[",44,
gustavo,Ceará,"[1950,1960[",62,
gustavo,Ceará,"[1960,1970[",141,
gustavo,Ceará,"[1970,1980[",400,
gustavo,Ceará,"[1980,1990[",860,
gustavo,Ceará,"[1990,2000[",2067,
gustavo,Ceará,"[2000,2010[",8006,
gustavo,Paraná,1930[,23,
gustavo,Paraná,"[1930,1940[",68,
gustavo,Paraná,"[1940,1950[",62,
gustavo,Paraná,"[1950,1960[",121,
gustavo,Paraná,"[1960,1970[",185,
gustavo,Paraná,"[1970,1980[",919,
gustavo,Paraná,"[1980,1990[",3196,
gustavo,Paraná,"[1990,2000[",9760,
gustavo,Paraná,"[2000,2010[",23647,
gustavo,Rio de Janeiro,1930[,39,
gustavo,Rio de Janeiro,"[1930,1940[",104,
gustavo,Rio de Janeiro,"[1940,1950[",208,
gustavo,Rio de Janeiro,"[1950,1960[",464,
gustavo,Rio de Janeiro,"[1960,1970[",1131,
gustavo,Rio de Janeiro,"[1970,1980[",4067,
gustavo,Rio de Janeiro,"[1980,1990[",6927,
gustavo,Rio de Janeiro,"[1990,2000[",9754,
gustavo,Rio de Janeiro,"[2000,2010[",18036,
gustavo,Santa Catarina,1930[,21,
gustavo,Santa Catarina,"[1930,1940[",54,
gustavo,Santa Catarina,"[1940,1950[",58,
gustavo,Santa Catarina,"[1950,1960[",98,
gustavo,Santa Catarina,"[1960,1970[",125,
gustavo,Santa Catarina,"[1970,1980[",678,
gustavo,Santa Catarina,"[1980,1990[",2362,
gustavo,Santa Catarina,"[1990,2000[",6277,
gustavo,Santa Catarina,"[2000,2010[",13796,
gustavo,Pernambuco,"[1930,1940[",36,
gustavo,Pernambuco,"[1940,1950[",61,
gustavo,Pernambuco,"[1950,1960[",114,
gustavo,Pernambuco,"[1960,1970[",362,
gustavo,Pernambuco,"[1970,1980[",1158,
gustavo,Pernambuco,"[1980,1990[",2374,
gustavo,Pernambuco,"[1990,2000[",3641,
gustavo,Pernambuco,"[2000,2010[",7071,
gustavo,Tocantins,"[1960,1970[",20,
gustavo,Tocantins,"[1970,1980[",69,
gustavo,Tocantins,"[1980,1990[",286,
gustavo,Tocantins,"[1990,2000[",1098,
gustavo,Tocantins,"[2000,2010[",2438,
gustavo,Rondônia,"[1950,1960[",17,
gustavo,Rondônia,"[1960,1970[",23,
gustavo,Rondônia,"[1970,1980[",67,
gustavo,Rondônia,"[1980,1990[",231,
gustavo,Rondônia,"[1990,2000[",790,
gustavo,Rondônia,"[2000,2010[",2623,
gustavo,Maranhão,"[1930,1940[",21,
gustavo,Maranhão,"[1940,1950[",26,
gustavo,Maranhão,"[1950,1960[",38,
gustavo,Maranhão,"[1960,1970[",64,
gustavo,Maranhão,"[1970,1980[",219,
gustavo,Maranhão,"[1980,1990[",743,
gustavo,Maranhão,"[1990,2000[",2659,
gustavo,Maranhão,"[2000,2010[",7769,
gustavo,Rio Grande do Norte,"[1950,1960[",34,
gustavo,Rio Grande do Norte,"[1960,1970[",86,
gustavo,Rio Grande do Norte,"[1970,1980[",315,
gustavo,Rio Grande do Norte,"[1980,1990[",652,
gustavo,Rio Grande do Norte,"[1990,2000[",1093,
gustavo,Rio Grande do Norte,"[2000,2010[",2091,
gustavo,Piauí,"[1950,1960[",24,
gustavo,Piauí,"[1960,1970[",39,
gustavo,Piauí,"[1970,1980[",148,
gustavo,Piauí,"[1980,1990[",341,
gustavo,Piauí,"[1990,2000[",1068,
gustavo,Piauí,"[2000,2010[",3056,
gustavo,Rio Grande do Sul,1930[,37,
gustavo,Rio Grande do Sul,"[1930,1940[",70,
gustavo,Rio Grande do Sul,"[1940,1950[",98,
gustavo,Rio Grande do Sul,"[1950,1960[",188,
gustavo,Rio Grande do Sul,"[1960,1970[",486,
gustavo,Rio Grande do Sul,"[1970,1980[",2192,
gustavo,Rio Grande do Sul,"[1980,1990[",4725,
gustavo,Rio Grande do Sul,"[1990,2000[",8488,
gustavo,Rio Grande do Sul,"[2000,2010[",16312,
gustavo,Espírito Santo,"[1930,1940[",33,
gustavo,Espírito Santo,"[1940,1950[",30,
gustavo,Espírito Santo,"[1950,1960[",50,
gustavo,Espírito Santo,"[1960,1970[",102,
gustavo,Espírito Santo,"[1970,1980[",577,
gustavo,Espírito Santo,"[1980,1990[",1287,
gustavo,Espírito Santo,"[1990,2000[",2544,
gustavo,Espírito Santo,"[2000,2010[",5262,
gustavo,Mato Grosso,"[1940,1950[",20,
gustavo,Mato Grosso,"[1950,1960[",22,
gustavo,Mato Grosso,"[1960,1970[",56,
gustavo,Mato Grosso,"[1970,1980[",230,
gustavo,Mato Grosso,"[1980,1990[",615,
gustavo,Mato Grosso,"[1990,2000[",2035,
gustavo,Mato Grosso,"[2000,2010[",5393,
gustavo,Acre,"[1970,1980[",28,
gustavo,Acre,"[1980,1990[",108,
gustavo,Acre,"[1990,2000[",315,
gustavo,Acre,"[2000,2010[",917,
gustavo,Amazonas,"[1940,1950[",18,
gustavo,Amazonas,"[1950,1960[",43,
gustavo,Amazonas,"[1960,1970[",77,
gustavo,Amazonas,"[1970,1980[",170,
gustavo,Amazonas,"[1980,1990[",422,
gustavo,Amazonas,"[1990,2000[",1082,
gustavo,Amazonas,"[2000,2010[",4992,
gustavo,São Paulo,1930[,89,
gustavo,São Paulo,"[1930,1940[",167,
gustavo,São Paulo,"[1940,1950[",278,
gustavo,São Paulo,"[1950,1960[",522,
gustavo,São Paulo,"[1960,1970[",1119,
gustavo,São Paulo,"[1970,1980[",6964,
gustavo,São Paulo,"[1980,1990[",18501,
gustavo,São Paulo,"[1990,2000[",45855,
gustavo,São Paulo,"[2000,2010[",92158,
gustavo,Mato Grosso do Sul,"[1940,1950[",16,
gustavo,Mato Grosso do Sul,"[1950,1960[",16,
gustavo,Mato Grosso do Sul,"[1960,1970[",44,
gustavo,Mato Grosso do Sul,"[1970,1980[",267,
gustavo,Mato Grosso do Sul,"[1980,1990[",654,
gustavo,Mato Grosso do Sul,"[1990,2000[",1795,
gustavo,Mato Grosso do Sul,"[2000,2010[",4104,
gustavo,Paraíba,"[1950,1960[",29,
gustavo,Paraíba,"[1960,1970[",57,
gustavo,Paraíba,"[1970,1980[",211,
gustavo,Paraíba,"[1980,1990[",590,
gustavo,Paraíba,"[1990,2000[",1178,
gustavo,Paraíba,"[2000,2010[",3441,
gustavo,Alagoas,"[1950,1960[",27,
gustavo,Alagoas,"[1960,1970[",74,
gustavo,Alagoas,"[1970,1980[",286,
gustavo,Alagoas,"[1980,1990[",522,
gustavo,Alagoas,"[1990,2000[",1262,
gustavo,Alagoas,"[2000,2010[",2699,
gustavo,Roraima,"[1970,1980[",22,
gustavo,Roraima,"[1980,1990[",49,
gustavo,Roraima,"[1990,2000[",125,
gustavo,Roraima,"[2000,2010[",649,
gustavo,Sergipe,"[1950,1960[",15,
gustavo,Sergipe,"[1960,1970[",38,
gustavo,Sergipe,"[1970,1980[",123,
gustavo,Sergipe,"[1980,1990[",304,
gustavo,Sergipe,"[1990,2000[",659,
gustavo,Sergipe,"[2000,2010[",2718,
gustavo,Amapá,"[1980,1990[",40,
gustavo,Amapá,"[1990,2000[",149,
gustavo,Amapá,"[2000,2010[",1050,
gustavo,Distrito Federal,"[1940,1950[",22,
gustavo,Distrito Federal,"[1950,1960[",54,
gustavo,Distrito Federal,"[1960,1970[",142,
gustavo,Distrito Federal,"[1970,1980[",750,
gustavo,Distrito Federal,"[1980,1990[",1449,
gustavo,Distrito Federal,"[1990,2000[",2390,
gustavo,Distrito Federal,"[2000,2010[",4736,
gustavo,Todos os estados,Todas as décadas,,541169
paula,Bahia,1930[,74,
paula,Bahia,"[1930,1940[",94,
paula,Bahia,"[1940,1950[",145,
paula,Bahia,"[1950,1960[",238,
paula,Bahia,"[1960,1970[",353,
paula,Bahia,"[1970,1980[",1168,
paula,Bahia,"[1980,1990[",3476,
paula,Bahia,"[1990,2000[",3535,
paula,Bahia,"[2000,2010[",2140,
paula,Minas Gerais,1930[,53,
paula,Minas Gerais,"[1930,1940[",132,
paula,Minas Gerais,"[1940,1950[",145,
paula,Minas Gerais,"[1950,1960[",240,
paula,Minas Gerais,"[1960,1970[",763,
paula,Minas Gerais,"[1970,1980[",2506,
paula,Minas Gerais,"[1980,1990[",7827,
paula,Minas Gerais,"[1990,2000[",7716,
paula,Minas Gerais,"[2000,2010[",2963,
paula,Goiás,1930[,15,
paula,Goiás,"[1930,1940[",23,
paula,Goiás,"[1940,1950[",44,
paula,Goiás,"[1950,1960[",88,
paula,Goiás,"[1960,1970[",186,
paula,Goiás,"[1970,1980[",724,
paula,Goiás,"[1980,1990[",2542,
paula,Goiás,"[1990,2000[",2193,
paula,Goiás,"[2000,2010[",899,
paula,Pará,1930[,53,
paula,Pará,"[1930,1940[",104,
paula,Pará,"[1940,1950[",152,
paula,Pará,"[1950,1960[",225,
paula,Pará,"[1960,1970[",330,
paula,Pará,"[1970,1980[",697,
paula,Pará,"[1980,1990[",2478,
paula,Pará,"[1990,2000[",3258,
paula,Pará,"[2000,2010[",2631,
paula,Ceará,1930[,16,
paula,Ceará,"[1930,1940[",44,
paula,Ceará,"[1940,1950[",62,
paula,Ceará,"[1950,1960[",119,
paula,Ceará,"[1960,1970[",251,
paula,Ceará,"[1970,1980[",895,
paula,Ceará,"[1980,1990[",2804,
paula,Ceará,"[1990,2000[",2087,
paula,Ceará,"[2000,2010[",1085,
paula,Paraná,1930[,52,
paula,Paraná,"[1930,1940[",102,
paula,Paraná,"[1940,1950[",109,
paula,Paraná,"[1950,1960[",137,
paula,Paraná,"[1960,1970[",286,
paula,Paraná,"[1970,1980[",1163,
paula,Paraná,"[1980,1990[",3937,
paula,Paraná,"[1990,2000[",3643,
paula,Paraná,"[2000,2010[",1488,
paula,Rio de Janeiro,1930[,75,
paula,Rio de Janeiro,"[1930,1940[",146,
paula,Rio de Janeiro,"[1940,1950[",197,
paula,Rio de Janeiro,"[1950,1960[",475,
paula,Rio de Janeiro,"[1960,1970[",1199,
paula,Rio de Janeiro,"[1970,1980[",4193,
paula,Rio de Janeiro,"[1980,1990[",8881,
paula,Rio de Janeiro,"[1990,2000[",5528,
paula,Rio de Janeiro,"[2000,2010[",2037,
paula,Santa Catarina,1930[,139,
paula,Santa Catarina,"[1930,1940[",161,
paula,Santa Catarina,"[1940,1950[",168,
paula,Santa Catarina,"[1950,1960[",168,
paula,Santa Catarina,"[1960,1970[",217,
paula,Santa Catarina,"[1970,1980[",548,
paula,Santa Catarina,"[1980,1990[",1955,
paula,Santa Catarina,"[1990,2000[",2026,
paula,Santa Catarina,"[2000,2010[",825,
paula,Pernambuco,1930[,20,
paula,Pernambuco,"[1930,1940[",35,
paula,Pernambuco,"[1940,1950[",86,
paula,Pernambuco,"[1950,1960[",163,
paula,Pernambuco,"[1960,1970[",381,
paula,Pernambuco,"[1970,1980[",1477,
paula,Pernambuco,"[1980,1990[",3650,
paula,Pernambuco,"[1990,2000[",2842,
paula,Pernambuco,"[2000,2010[",1601,
paula,Tocantins,"[1960,1970[",25,
paula,Tocantins,"[1970,1980[",61,
paula,Tocantins,"[1980,1990[",337,
paula,Tocantins,"[1990,2000[",408,
paula,Tocantins,"[2000,2010[",223,
paula,Rondônia,"[1950,1960[",22,
paula,Rondônia,"[1960,1970[",30,
paula,Rondônia,"[1970,1980[",98,
paula,Rondônia,"[1980,1990[",403,
paula,Rondônia,"[1990,2000[",510,
paula,Rondônia,"[2000,2010[",298,
paula,Maranhão,1930[,78,
paula,Maranhão,"[1930,1940[",96,
paula,Maranhão,"[1940,1950[",183,
paula,Maranhão,"[1950,1960[",211,
paula,Maranhão,"[1960,1970[",249,
paula,Maranhão,"[1970,1980[",354,
paula,Maranhão,"[1980,1990[",1142,
paula,Maranhão,"[1990,2000[",1922,
paula,Maranhão,"[2000,2010[",1484,
paula,Rio Grande do Norte,1930[,18,
paula,Rio Grande do Norte,"[1930,1940[",40,
paula,Rio Grande do Norte,"[1940,1950[",79,
paula,Rio Grande do Norte,"[1950,1960[",130,
paula,Rio Grande do Norte,"[1960,1970[",247,
paula,Rio Grande do Norte,"[1970,1980[",427,
paula,Rio Grande do Norte,"[1980,1990[",1028,
paula,Rio Grande do Norte,"[1990,2000[",1098,
paula,Rio Grande do Norte,"[2000,2010[",605,
paula,Piauí,"[1940,1950[",24,
paula,Piauí,"[1950,1960[",31,
paula,Piauí,"[1960,1970[",83,
paula,Piauí,"[1970,1980[",164,
paula,Piauí,"[1980,1990[",639,
paula,Piauí,"[1990,2000[",805,
paula,Piauí,"[2000,2010[",451,
paula,Rio Grande do Sul,1930[,79,
paula,Rio Grande do Sul,"[1930,1940[",124,
paula,Rio Grande do Sul,"[1940,1950[",143,
paula,Rio Grande do Sul,"[1950,1960[",244,
paula,Rio Grande do Sul,"[1960,1970[",522,
paula,Rio Grande do Sul,"[1970,1980[",2297,
paula,Rio Grande do Sul,"[1980,1990[",5874,
paula,Rio Grande do Sul,"[1990,2000[",4961,
paula,Rio Grande do Sul,"[2000,2010[",1890,
paula,Espírito Santo,"[1940,1950[",16,
paula,Espírito Santo,"[1950,1960[",44,
paula,Espírito Santo,"[1960,1970[",90,
paula,Espírito Santo,"[1970,1980[",412,
paula,Espírito Santo,"[1980,1990[",1311,
paula,Espírito Santo,"[1990,2000[",1107,
paula,Espírito Santo,"[2000,2010[",365,
paula,Mato Grosso,"[1940,1950[",19,
paula,Mato Grosso,"[1950,1960[",42,
paula,Mato Grosso,"[1960,1970[",83,
paula,Mato Grosso,"[1970,1980[",300,
paula,Mato Grosso,"[1980,1990[",1020,
paula,Mato Grosso,"[1990,2000[",1016,
paula,Mato Grosso,"[2000,2010[",496,
paula,Acre,"[1970,1980[",23,
paula,Acre,"[1980,1990[",159,
paula,Acre,"[1990,2000[",244,
paula,Acre,"[2000,2010[",156,
paula,Amazonas,"[1930,1940[",19,
paula,Amazonas,"[1940,1950[",53,
paula,Amazonas,"[1950,1960[",74,
paula,Amazonas,"[1960,1970[",192,
paula,Amazonas,"[1970,1980[",489,
paula,Amazonas,"[1980,1990[",1175,
paula,Amazonas,"[1990,2000[",1321,
paula,Amazonas,"[2000,2010[",1066,
paula,São Paulo,1930[,236,
paula,São Paulo,"[1930,1940[",367,
paula,São Paulo,"[1940,1950[",544,
paula,São Paulo,"[1950,1960[",1014,
paula,São Paulo,"[1960,1970[",2959,
paula,São Paulo,"[1970,1980[",11312,
paula,São Paulo,"[1980,1990[",23362,
paula,São Paulo,"[1990,2000[",13818,
paula,São Paulo,"[2000,2010[",4286,
paula,Mato Grosso do Sul,1930[,21,
paula,Mato Grosso do Sul,"[1930,1940[",20,
paula,Mato Grosso do Sul,"[1940,1950[",36,
paula,Mato Grosso do Sul,"[1950,1960[",74,
paula,Mato Grosso do Sul,"[1960,1970[",93,
paula,Mato Grosso do Sul,"[1970,1980[",263,
paula,Mato Grosso do Sul,"[1980,1990[",872,
paula,Mato Grosso do Sul,"[1990,2000[",865,
paula,Mato Grosso do Sul,"[2000,2010[",366,
paula,Paraíba,"[1930,1940[",29,
paula,Paraíba,"[1940,1950[",63,
paula,Paraíba,"[1950,1960[",86,
paula,Paraíba,"[1960,1970[",268,
paula,Paraíba,"[1970,1980[",475,
paula,Paraíba,"[1980,1990[",1073,
paula,Paraíba,"[1990,2000[",868,
paula,Paraíba,"[2000,2010[",476,
paula,Alagoas,"[1950,1960[",21,
paula,Alagoas,"[1960,1970[",44,
paula,Alagoas,"[1970,1980[",265,
paula,Alagoas,"[1980,1990[",874,
paula,Alagoas,"[1990,2000[",904,
paula,Alagoas,"[2000,2010[",545,
paula,Roraima,"[1960,1970[",19,
paula,Roraima,"[1970,1980[",62,
paula,Roraima,"[1980,1990[",140,
paula,Roraima,"[1990,2000[",127,
paula,Roraima,"[2000,2010[",105,
paula,Sergipe,"[1960,1970[",29,
paula,Sergipe,"[1970,1980[",196,
paula,Sergipe,"[1980,1990[",679,
paula,Sergipe,"[1990,2000[",657,
paula,Sergipe,"[2000,2010[",386,
paula,Amapá,"[1960,1970[",15,
paula,Amapá,"[1970,1980[",47,
paula,Amapá,"[1980,1990[",245,
paula,Amapá,"[1990,2000[",267,
paula,Amapá,"[2000,2010[",231,
paula,Distrito Federal,"[1930,1940[",16,
paula,Distrito Federal,"[1940,1950[",26,
paula,Distrito Federal,"[1950,1960[",65,
paula,Distrito Federal,"[1960,1970[",169,
paula,Distrito Federal,"[1970,1980[",593,
paula,Distrito Federal,"[1980,1990[",1413,
paula,Distrito Federal,"[1990,2000[",905,
paula,Distrito Federal,"[2000,2010[",325,
paula,Todos os estados,Todas as décadas,,222328
jaqueline,Bahia,"[1950,1960[",19,
jaqueline,Bahia,"[1960,1970[",435,
jaqueline,Bahia,"[1970,1980[",1582,
jaqueline,Bahia,"[1980,1990[",7350,
jaqueline,Bahia,"[1990,2000[",11476,
jaqueline,Bahia,"[2000,2010[",4904,
jaqueline,Minas Gerais,"[1950,1960[",39,
jaqueline,Minas Gerais,"[1960,1970[",2152,
jaqueline,Minas Gerais,"[1970,1980[",5578,
jaqueline,Minas Gerais,"[1980,1990[",10598,
jaqueline,Minas Gerais,"[1990,2000[",8669,
jaqueline,Minas Gerais,"[2000,2010[",2545,
jaqueline,Goiás,"[1960,1970[",252,
jaqueline,Goiás,"[1970,1980[",700,
jaqueline,Goiás,"[1980,1990[",3306,
jaqueline,Goiás,"[1990,2000[",3823,
jaqueline,Goiás,"[2000,2010[",1049,
jaqueline,Pará,"[1950,1960[",15,
jaqueline,Pará,"[1960,1970[",154,
jaqueline,Pará,"[1970,1980[",569,
jaqueline,Pará,"[1980,1990[",2664,
jaqueline,Pará,"[1990,2000[",4796,
jaqueline,Pará,"[2000,2010[",2960,
jaqueline,Ceará,"[1950,1960[",34,
jaqueline,Ceará,"[1960,1970[",772,
jaqueline,Ceará,"[1970,1980[",1243,
jaqueline,Ceará,"[1980,1990[",2626,
jaqueline,Ceará,"[1990,2000[",2648,
jaqueline,Ceará,"[2000,2010[",915,
jaqueline,Paraná,"[1950,1960[",23,
jaqueline,Paraná,"[1960,1970[",744,
jaqueline,Paraná,"[1970,1980[",1953,
jaqueline,Paraná,"[1980,1990[",5978,
jaqueline,Paraná,"[1990,2000[",9374,
jaqueline,Paraná,"[2000,2010[",2964,
jaqueline,Rio de Janeiro,"[1940,1950[",30,
jaqueline,Rio de Janeiro,"[1950,1960[",133,
jaqueline,Rio de Janeiro,"[1960,1970[",2513,
jaqueline,Rio de Janeiro,"[1970,1980[",8674,
jaqueline,Rio de Janeiro,"[1980,1990[",11347,
jaqueline,Rio de Janeiro,"[1990,2000[",4921,
jaqueline,Rio de Janeiro,"[2000,2010[",1221,
jaqueline,Santa Catarina,"[1950,1960[",15,
jaqueline,Santa Catarina,"[1960,1970[",616,
jaqueline,Santa Catarina,"[1970,1980[",1313,
jaqueline,Santa Catarina,"[1980,1990[",4017,
jaqueline,Santa Catarina,"[1990,2000[",5624,
jaqueline,Santa Catarina,"[2000,2010[",1884,
jaqueline,Pernambuco,"[1950,1960[",25,
jaqueline,Pernambuco,"[1960,1970[",483,
jaqueline,Pernambuco,"[1970,1980[",1735,
jaqueline,Pernambuco,"[1980,1990[",4675,
jaqueline,Pernambuco,"[1990,2000[",5093,
jaqueline,Pernambuco,"[2000,2010[",1857,
jaqueline,Tocantins,"[1960,1970[",37,
jaqueline,Tocantins,"[1970,1980[",67,
jaqueline,Tocantins,"[1980,1990[",345,
jaqueline,Tocantins,"[1990,2000[",959,
jaqueline,Tocantins,"[2000,2010[",462,
jaqueline,Rondônia,"[1960,1970[",34,
jaqueline,Rondônia,"[1970,1980[",144,
jaqueline,Rondônia,"[1980,1990[",707,
jaqueline,Rondônia,"[1990,2000[",1539,
jaqueline,Rondônia,"[2000,2010[",703,
jaqueline,Maranhão,"[1960,1970[",146,
jaqueline,Maranhão,"[1970,1980[",482,
jaqueline,Maranhão,"[1980,1990[",1351,
jaqueline,Maranhão,"[1990,2000[",2599,
jaqueline,Maranhão,"[2000,2010[",1551,
jaqueline,Rio Grande do Norte,"[1960,1970[",216,
jaqueline,Rio Grande do Norte,"[1970,1980[",622,
jaqueline,Rio Grande do Norte,"[1980,1990[",1102,
jaqueline,Rio Grande do Norte,"[1990,2000[",978,
jaqueline,Rio Grande do Norte,"[2000,2010[",323,
jaqueline,Piauí,"[1960,1970[",88,
jaqueline,Piauí,"[1970,1980[",246,
jaqueline,Piauí,"[1980,1990[",1001,
jaqueline,Piauí,"[1990,2000[",1433,
jaqueline,Piauí,"[2000,2010[",606,
jaqueline,Rio Grande do Sul,"[1950,1960[",68,
jaqueline,Rio Grande do Sul,"[1960,1970[",2461,
jaqueline,Rio Grande do Sul,"[1970,1980[",4385,
jaqueline,Rio Grande do Sul,"[1980,1990[",5847,
jaqueline,Rio Grande do Sul,"[1990,2000[",4869,
jaqueline,Rio Grande do Sul,"[2000,2010[",1668,
jaqueline,Espírito Santo,"[1960,1970[",275,
jaqueline,Espírito Santo,"[1970,1980[",906,
jaqueline,Espírito Santo,"[1980,1990[",2141,
jaqueline,Espírito Santo,"[1990,2000[",1637,
jaqueline,Espírito Santo,"[2000,2010[",472,
jaqueline,Mato Grosso,"[1960,1970[",96,
jaqueline,Mato Grosso,"[1970,1980[",305,
jaqueline,Mato Grosso,"[1980,1990[",1511,
jaqueline,Mato Grosso,"[1990,2000[",2464,
jaqueline,Mato Grosso,"[2000,2010[",842,
jaqueline,Acre,"[1970,1980[",77,
jaqueline,Acre,"[1980,1990[",217,
jaqueline,Acre,"[1990,2000[",468,
jaqueline,Acre,"[2000,2010[",290,
jaqueline,Amazonas,"[1960,1970[",118,
jaqueline,Amazonas,"[1970,1980[",360,
jaqueline,Amazonas,"[1980,1990[",1102,
jaqueline,Amazonas,"[1990,2000[",1906,
jaqueline,Amazonas,"[2000,2010[",1118,
jaqueline,São Paulo,1930[,17,
jaqueline,São Paulo,"[1930,1940[",16,
jaqueline,São Paulo,"[1940,1950[",60,
jaqueline,São Paulo,"[1950,1960[",118,
jaqueline,São Paulo,"[1960,1970[",2254,
jaqueline,São Paulo,"[1970,1980[",5684,
jaqueline,São Paulo,"[1980,1990[",25810,
jaqueline,São Paulo,"[1990,2000[",29619,
jaqueline,São Paulo,"[2000,2010[",7153,
jaqueline,Mato Grosso do Sul,"[1960,1970[",112,
jaqueline,Mato Grosso do Sul,"[1970,1980[",401,
jaqueline,Mato Grosso do Sul,"[1980,1990[",1563,
jaqueline,Mato Grosso do Sul,"[1990,2000[",2036,
jaqueline,Mato Grosso do Sul,"[2000,2010[",621,
jaqueline,Paraíba,"[1960,1970[",173,
jaqueline,Paraíba,"[1970,1980[",602,
jaqueline,Paraíba,"[1980,1990[",1850,
jaqueline,Paraíba,"[1990,2000[",2162,
jaqueline,Paraíba,"[2000,2010[",703,
jaqueline,Alagoas,"[1960,1970[",123,
jaqueline,Alagoas,"[1970,1980[",347,
jaqueline,Alagoas,"[1980,1990[",1715,
jaqueline,Alagoas,"[1990,2000[",2252,
jaqueline,Alagoas,"[2000,2010[",805,
jaqueline,Roraima,"[1960,1970[",22,
jaqueline,Roraima,"[1970,1980[",58,
jaqueline,Roraima,"[1980,1990[",126,
jaqueline,Roraima,"[1990,2000[",215,
jaqueline,Roraima,"[2000,2010[",105,
jaqueline,Sergipe,"[1960,1970[",54,
jaqueline,Sergipe,"[1970,1980[",306,
jaqueline,Sergipe,"[1980,1990[",1117,
jaqueline,Sergipe,"[1990,2000[",950,
jaqueline,Sergipe,"[2000,2010[",241,
jaqueline,Amapá,"[1970,1980[",45,
jaqueline,Amapá,"[1980,1990[",233,
jaqueline,Amapá,"[1990,2000[",488,
jaqueline,Amapá,"[2000,2010[",225,
jaqueline,Distrito Federal,"[1960,1970[",218,
jaqueline,Distrito Federal,"[1970,1980[",610,
jaqueline,Distrito Federal,"[1980,1990[",1693,
jaqueline,Distrito Federal,"[1990,2000[",1243,
jaqueline,Distrito Federal,"[2000,2010[",283,
jaqueline,Todos os estados,Todas as décadas,,308857
ricardo,Bahia,1930[,62,
ricardo,Bahia,"[1930,1940[",156,
ricardo,Bahia,"[1940,1950[",239,
ricardo,Bahia,"[1950,1960[",529,
ricardo,Bahia,"[1960,1970[",1439,
ricardo,Bahia,"[1970,1980[",5101,
ricardo,Bahia,"[1980,1990[",8422,
ricardo,Bahia,"[1990,2000[",6247,
ricardo,Bahia,"[2000,2010[",4206,
ricardo,Minas Gerais,1930[,57,
ricardo,Minas Gerais,"[1930,1940[",158,
ricardo,Minas Gerais,"[1940,1950[",494,
ricardo,Minas Gerais,"[1950,1960[",2335,
ricardo,Minas Gerais,"[1960,1970[",5540,
ricardo,Minas Gerais,"[1970,1980[",12228,
ricardo,Minas Gerais,"[1980,1990[",13200,
ricardo,Minas Gerais,"[1990,2000[",7055,
ricardo,Minas Gerais,"[2000,2010[",3383,
ricardo,Goiás,"[1930,1940[",49,
ricardo,Goiás,"[1940,1950[",85,
ricardo,Goiás,"[1950,1960[",307,
ricardo,Goiás,"[1960,1970[",1025,
ricardo,Goiás,"[1970,1980[",3051,
ricardo,Goiás,"[1980,1990[",4812,
ricardo,Goiás,"[1990,2000[",2937,
ricardo,Goiás,"[2000,2010[",1458,
ricardo,Pará,1930[,27,
ricardo,Pará,"[1930,1940[",77,
ricardo,Pará,"[1940,1950[",139,
ricardo,Pará,"[1950,1960[",328,
ricardo,Pará,"[1960,1970[",800,
ricardo,Pará,"[1970,1980[",1948,
ricardo,Pará,"[1980,1990[",2104,
ricardo,Pará,"[1990,2000[",2886,
ricardo,Pará,"[2000,2010[",3301,
ricardo,Ceará,1930[,33,
ricardo,Ceará,"[1930,1940[",66,
ricardo,Ceará,"[1940,1950[",113,
ricardo,Ceará,"[1950,1960[",480,
ricardo,Ceará,"[1960,1970[",1632,
ricardo,Ceará,"[1970,1980[",3134,
ricardo,Ceará,"[1980,1990[",3713,
ricardo,Ceará,"[1990,2000[",3028,
ricardo,Ceará,"[2000,2010[",1592,
ricardo,Paraná,1930[,45,
ricardo,Paraná,"[1930,1940[",133,
ricardo,Paraná,"[1940,1950[",264,
ricardo,Paraná,"[1950,1960[",729,
ricardo,Paraná,"[1960,1970[",1796,
ricardo,Paraná,"[1970,1980[",5937,
ricardo,Paraná,"[1980,1990[",8670,
ricardo,Paraná,"[1990,2000[",4784,
ricardo,Paraná,"[2000,2010[",2218,
ricardo,Rio de Janeiro,1930[,60,
ricardo,Rio de Janeiro,"[1930,1940[",274,
ricardo,Rio de Janeiro,"[1940,1950[",1059,
ricardo,Rio de Janeiro,"[1950,1960[",4945,
ricardo,Rio de Janeiro,"[1960,1970[",11131,
ricardo,Rio de Janeiro,"[1970,1980[",13039,
ricardo,Rio de Janeiro,"[1980,1990[",10136,
ricardo,Rio de Janeiro,"[1990,2000[",5441,
ricardo,Rio de Janeiro,"[2000,2010[",2958,
ricardo,Santa Catarina,1930[,48,
ricardo,Santa Catarina,"[1930,1940[",93,
ricardo,Santa Catarina,"[1940,1950[",185,
ricardo,Santa Catarina,"[1950,1960[",540,
ricardo,Santa Catarina,"[1960,1970[",1386,
ricardo,Santa Catarina,"[1970,1980[",3515,
ricardo,Santa Catarina,"[1980,1990[",5708,
ricardo,Santa Catarina,"[1990,2000[",3742,
ricardo,Santa Catarina,"[2000,2010[",1689,
ricardo,Pernambuco,1930[,23,
ricardo,Pernambuco,"[1930,1940[",61,
ricardo,Pernambuco,"[1940,1950[",207,
ricardo,Pernambuco,"[1950,1960[",996,
ricardo,Pernambuco,"[1960,1970[",2369,
ricardo,Pernambuco,"[1970,1980[",4793,
ricardo,Pernambuco,"[1980,1990[",5209,
ricardo,Pernambuco,"[1990,2000[",3954,
ricardo,Pernambuco,"[2000,2010[",2531,
ricardo,Tocantins,"[1930,1940[",21,
ricardo,Tocantins,"[1940,1950[",22,
ricardo,Tocantins,"[1950,1960[",40,
ricardo,Tocantins,"[1960,1970[",110,
ricardo,Tocantins,"[1970,1980[",295,
ricardo,Tocantins,"[1980,1990[",772,
ricardo,Tocantins,"[1990,2000[",1020,
ricardo,Tocantins,"[2000,2010[",605,
ricardo,Rondônia,"[1940,1950[",17,
ricardo,Rondônia,"[1950,1960[",75,
ricardo,Rondônia,"[1960,1970[",143,
ricardo,Rondônia,"[1970,1980[",341,
ricardo,Rondônia,"[1980,1990[",670,
ricardo,Rondônia,"[1990,2000[",715,
ricardo,Rondônia,"[2000,2010[",477,
ricardo,Maranhão,1930[,30,
ricardo,Maranhão,"[1930,1940[",77,
ricardo,Maranhão,"[1940,1950[",104,
ricardo,Maranhão,"[1950,1960[",183,
ricardo,Maranhão,"[1960,1970[",338,
ricardo,Maranhão,"[1970,1980[",827,
ricardo,Maranhão,"[1980,1990[",2029,
ricardo,Maranhão,"[1990,2000[",3745,
ricardo,Maranhão,"[2000,2010[",3702,
ricardo,Rio Grande do Norte,"[1930,1940[",16,
ricardo,Rio Grande do Norte,"[1940,1950[",29,
ricardo,Rio Grande do Norte,"[1950,1960[",171,
ricardo,Rio Grande do Norte,"[1960,1970[",607,
ricardo,Rio Grande do Norte,"[1970,1980[",1312,
ricardo,Rio Grande do Norte,"[1980,1990[",1630,
ricardo,Rio Grande do Norte,"[1990,2000[",1231,
ricardo,Rio Grande do Norte,"[2000,2010[",647,
ricardo,Piauí,1930[,23,
ricardo,Piauí,"[1930,1940[",39,
ricardo,Piauí,"[1940,1950[",50,
ricardo,Piauí,"[1950,1960[",108,
ricardo,Piauí,"[1960,1970[",196,
ricardo,Piauí,"[1970,1980[",539,
ricardo,Piauí,"[1980,1990[",1255,
ricardo,Piauí,"[1990,2000[",1416,
ricardo,Piauí,"[2000,2010[",919,
ricardo,Rio Grande do Sul,1930[,92,
ricardo,Rio Grande do Sul,"[1930,1940[",204,
ricardo,Rio Grande do Sul,"[1940,1950[",450,
ricardo,Rio Grande do Sul,"[1950,1960[",1820,
ricardo,Rio Grande do Sul,"[1960,1970[",4249,
ricardo,Rio Grande do Sul,"[1970,1980[",5618,
ricardo,Rio Grande do Sul,"[1980,1990[",7036,
ricardo,Rio Grande do Sul,"[1990,2000[",4738,
ricardo,Rio Grande do Sul,"[2000,2010[",2693,
ricardo,Espírito Santo,1930[,35,
ricardo,Espírito Santo,"[1930,1940[",52,
ricardo,Espírito Santo,"[1940,1950[",99,
ricardo,Espírito Santo,"[1950,1960[",309,
ricardo,Espírito Santo,"[1960,1970[",714,
ricardo,Espírito Santo,"[1970,1980[",1447,
ricardo,Espírito Santo,"[1980,1990[",1704,
ricardo,Espírito Santo,"[1990,2000[",1303,
ricardo,Espírito Santo,"[2000,2010[",1114,
ricardo,Mato Grosso,"[1930,1940[",35,
ricardo,Mato Grosso,"[1940,1950[",63,
ricardo,Mato Grosso,"[1950,1960[",126,
ricardo,Mato Grosso,"[1960,1970[",324,
ricardo,Mato Grosso,"[1970,1980[",1054,
ricardo,Mato Grosso,"[1980,1990[",1691,
ricardo,Mato Grosso,"[1990,2000[",1349,
ricardo,Mato Grosso,"[2000,2010[",856,
ricardo,Acre,"[1960,1970[",47,
ricardo,Acre,"[1970,1980[",131,
ricardo,Acre,"[1980,1990[",258,
ricardo,Acre,"[1990,2000[",251,
ricardo,Acre,"[2000,2010[",297,
ricardo,Amazonas,"[1930,1940[",27,
ricardo,Amazonas,"[1940,1950[",75,
ricardo,Amazonas,"[1950,1960[",199,
ricardo,Amazonas,"[1960,1970[",616,
ricardo,Amazonas,"[1970,1980[",1489,
ricardo,Amazonas,"[1980,1990[",1504,
ricardo,Amazonas,"[1990,2000[",1230,
ricardo,Amazonas,"[2000,2010[",1311,
ricardo,São Paulo,1930[,230,
ricardo,São Paulo,"[1930,1940[",556,
ricardo,São Paulo,"[1940,1950[",1641,
ricardo,São Paulo,"[1950,1960[",5745,
ricardo,São Paulo,"[1960,1970[",16566,
ricardo,São Paulo,"[1970,1980[",47498,
ricardo,São Paulo,"[1980,1990[",46667,
ricardo,São Paulo,"[1990,2000[",17811,
ricardo,São Paulo,"[2000,2010[",8996,
ricardo,Mato Grosso do Sul,"[1930,1940[",38,
ricardo,Mato Grosso do Sul,"[1940,1950[",66,
ricardo,Mato Grosso do Sul,"[1950,1960[",173,
ricardo,Mato Grosso do Sul,"[1960,1970[",442,
ricardo,Mato Grosso do Sul,"[1970,1980[",1310,
ricardo,Mato Grosso do Sul,"[1980,1990[",1706,
ricardo,Mato Grosso do Sul,"[1990,2000[",868,
ricardo,Mato Grosso do Sul,"[2000,2010[",458,
ricardo,Paraíba,"[1930,1940[",22,
ricardo,Paraíba,"[1940,1950[",45,
ricardo,Paraíba,"[1950,1960[",232,
ricardo,Paraíba,"[1960,1970[",631,
ricardo,Paraíba,"[1970,1980[",1399,
ricardo,Paraíba,"[1980,1990[",1920,
ricardo,Paraíba,"[1990,2000[",1661,
ricardo,Paraíba,"[2000,2010[",1017,
ricardo,Alagoas,"[1940,1950[",39,
ricardo,Alagoas,"[1950,1960[",145,
ricardo,Alagoas,"[1960,1970[",488,
ricardo,Alagoas,"[1970,1980[",1152,
ricardo,Alagoas,"[1980,1990[",1316,
ricardo,Alagoas,"[1990,2000[",1320,
ricardo,Alagoas,"[2000,2010[",930,
ricardo,Roraima,"[1950,1960[",31,
ricardo,Roraima,"[1960,1970[",46,
ricardo,Roraima,"[1970,1980[",126,
ricardo,Roraima,"[1980,1990[",158,
ricardo,Roraima,"[1990,2000[",190,
ricardo,Roraima,"[2000,2010[",198,
ricardo,Sergipe,"[1940,1950[",15,
ricardo,Sergipe,"[1950,1960[",92,
ricardo,Sergipe,"[1960,1970[",278,
ricardo,Sergipe,"[1970,1980[",828,
ricardo,Sergipe,"[1980,1990[",1255,
ricardo,Sergipe,"[1990,2000[",774,
ricardo,Sergipe,"[2000,2010[",469,
ricardo,Amapá,"[1950,1960[",18,
ricardo,Amapá,"[1960,1970[",59,
ricardo,Amapá,"[1970,1980[",127,
ricardo,Amapá,"[1980,1990[",176,
ricardo,Amapá,"[1990,2000[",240,
ricardo,Amapá,"[2000,2010[",207,
ricardo,Distrito Federal,"[1930,1940[",19,
ricardo,Distrito Federal,"[1940,1950[",84,
ricardo,Distrito Federal,"[1950,1960[",372,
ricardo,Distrito Federal,"[1960,1970[",952,
ricardo,Distrito Federal,"[1970,1980[",2200,
ricardo,Distrito Federal,"[1980,1990[",2233,
ricardo,Distrito Federal,"[1990,2000[",912,
ricardo,Distrito Federal,"[2000,2010[",577,
ricardo,Todos os estados,Todas as décadas,,469524
vivane,Bahia,"[1980,1990[",24,
vivane,Minas Gerais,"[1970,1980[",21,
vivane,Minas Gerais,"[1980,1990[",32,
vivane,Paraná,"[1980,1990[",17,
vivane,Rio de Janeiro,"[1970,1980[",18,
vivane,Rio de Janeiro,"[1980,1990[",39,
vivane,Rio Grande do Sul,"[1980,1990[",18,
vivane,São Paulo,"[1970,1980[",49,
vivane,São Paulo,"[1980,1990[",81,
vivane,São Paulo,"[1990,2000[",32,
vivane,Todos os estados,Todas as décadas,,331
daniele,Bahia,"[1960,1970[",39,
daniele,Bahia,"[1970,1980[",462,
daniele,Bahia,"[1980,1990[",3429,
daniele,Bahia,"[1990,2000[",5176,
daniele,Bahia,"[2000,2010[",3894,
daniele,Minas Gerais,"[1960,1970[",86,
daniele,Minas Gerais,"[1970,1980[",1902,
daniele,Minas Gerais,"[1980,1990[",8449,
daniele,Minas Gerais,"[1990,2000[",7990,
daniele,Minas Gerais,"[2000,2010[",4437,
daniele,Goiás,"[1970,1980[",184,
daniele,Goiás,"[1980,1990[",1529,
daniele,Goiás,"[1990,2000[",2234,
daniele,Goiás,"[2000,2010[",1559,
daniele,Pará,"[1960,1970[",26,
daniele,Pará,"[1970,1980[",581,
daniele,Pará,"[1980,1990[",3534,
daniele,Pará,"[1990,2000[",4391,
daniele,Pará,"[2000,2010[",3489,
daniele,Ceará,"[1960,1970[",56,
daniele,Ceará,"[1970,1980[",1073,
daniele,Ceará,"[1980,1990[",5215,
daniele,Ceará,"[1990,2000[",4904,
daniele,Ceará,"[2000,2010[",2017,
daniele,Paraná,"[1960,1970[",93,
daniele,Paraná,"[1970,1980[",2203,
daniele,Paraná,"[1980,1990[",7731,
daniele,Paraná,"[1990,2000[",6764,
daniele,Paraná,"[2000,2010[",2797,
daniele,Rio de Janeiro,"[1940,1950[",18,
daniele,Rio de Janeiro,"[1950,1960[",38,
daniele,Rio de Janeiro,"[1960,1970[",230,
daniele,Rio de Janeiro,"[1970,1980[",6497,
daniele,Rio de Janeiro,"[1980,1990[",19077,
daniele,Rio de Janeiro,"[1990,2000[",7038,
daniele,Rio de Janeiro,"[2000,2010[",2477,
daniele,Santa Catarina,"[1960,1970[",23,
daniele,Santa Catarina,"[1970,1980[",411,
daniele,Santa Catarina,"[1980,1990[",2062,
daniele,Santa Catarina,"[1990,2000[",2271,
daniele,Santa Catarina,"[2000,2010[",1330,
daniele,Pernambuco,"[1960,1970[",32,
daniele,Pernambuco,"[1970,1980[",684,
daniele,Pernambuco,"[1980,1990[",4434,
daniele,Pernambuco,"[1990,2000[",4775,
daniele,Pernambuco,"[2000,2010[",2234,
daniele,Tocantins,"[1980,1990[",131,
daniele,Tocantins,"[1990,2000[",276,
daniele,Tocantins,"[2000,2010[",331,
daniele,Rondônia,"[1970,1980[",55,
daniele,Rondônia,"[1980,1990[",464,
daniele,Rondônia,"[1990,2000[",763,
daniele,Rondônia,"[2000,2010[",680,
daniele,Maranhão,"[1970,1980[",175,
daniele,Maranhão,"[1980,1990[",1955,
daniele,Maranhão,"[1990,2000[",3605,
daniele,Maranhão,"[2000,2010[",3278,
daniele,Rio Grande do Norte,"[1960,1970[",19,
daniele,Rio Grande do Norte,"[1970,1980[",191,
daniele,Rio Grande do Norte,"[1980,1990[",1578,
daniele,Rio Grande do Norte,"[1990,2000[",1624,
daniele,Rio Grande do Norte,"[2000,2010[",678,
daniele,Piauí,"[1970,1980[",101,
daniele,Piauí,"[1980,1990[",767,
daniele,Piauí,"[1990,2000[",1245,
daniele,Piauí,"[2000,2010[",794,
daniele,Rio Grande do Sul,"[1960,1970[",46,
daniele,Rio Grande do Sul,"[1970,1980[",710,
daniele,Rio Grande do Sul,"[1980,1990[",3729,
daniele,Rio Grande do Sul,"[1990,2000[",3538,
daniele,Rio Grande do Sul,"[2000,2010[",2020,
daniele,Espírito Santo,"[1970,1980[",302,
daniele,Espírito Santo,"[1980,1990[",1517,
daniele,Espírito Santo,"[1990,2000[",1287,
daniele,Espírito Santo,"[2000,2010[",710,
daniele,Mato Grosso,"[1960,1970[",15,
daniele,Mato Grosso,"[1970,1980[",138,
daniele,Mato Grosso,"[1980,1990[",922,
daniele,Mato Grosso,"[1990,2000[",1509,
daniele,Mato Grosso,"[2000,2010[",982,
daniele,Acre,"[1970,1980[",25,
daniele,Acre,"[1980,1990[",188,
daniele,Acre,"[1990,2000[",292,
daniele,Acre,"[2000,2010[",327,
daniele,Amazonas,"[1960,1970[",18,
daniele,Amazonas,"[1970,1980[",305,
daniele,Amazonas,"[1980,1990[",1938,
daniele,Amazonas,"[1990,2000[",1941,
daniele,Amazonas,"[2000,2010[",1568,
daniele,São Paulo,"[1950,1960[",31,
daniele,São Paulo,"[1960,1970[",185,
daniele,São Paulo,"[1970,1980[",3717,
daniele,São Paulo,"[1980,1990[",22544,
daniele,São Paulo,"[1990,2000[",17472,
daniele,São Paulo,"[2000,2010[",6987,
daniele,Mato Grosso do Sul,"[1970,1980[",129,
daniele,Mato Grosso do Sul,"[1980,1990[",938,
daniele,Mato Grosso do Sul,"[1990,2000[",1325,
daniele,Mato Grosso do Sul,"[2000,2010[",679,
daniele,Paraíba,"[1970,1980[",245,
daniele,Paraíba,"[1980,1990[",2034,
daniele,Paraíba,"[1990,2000[",2370,
daniele,Paraíba,"[2000,2010[",1093,
daniele,Alagoas,"[1970,1980[",116,
daniele,Alagoas,"[1980,1990[",930,
daniele,Alagoas,"[1990,2000[",1482,
daniele,Alagoas,"[2000,2010[",958,
daniele,Roraima,"[1970,1980[",32,
daniele,Roraima,"[1980,1990[",173,
daniele,Roraima,"[1990,2000[",268,
daniele,Roraima,"[2000,2010[",192,
daniele,Sergipe,"[1970,1980[",72,
daniele,Sergipe,"[1980,1990[",818,
daniele,Sergipe,"[1990,2000[",869,
daniele,Sergipe,"[2000,2010[",528,
daniele,Amapá,"[1970,1980[",37,
daniele,Amapá,"[1980,1990[",361,
daniele,Amapá,"[1990,2000[",445,
daniele,Amapá,"[2000,2010[",322,
daniele,Distrito Federal,"[1970,1980[",373,
daniele,Distrito Federal,"[1980,1990[",1376,
daniele,Distrito Federal,"[1990,2000[",988,
daniele,Distrito Federal,"[2000,2010[",581,
daniele,Todos os estados,Todas as décadas,,253282
clara,Bahia,1930[,91,
clara,Bahia,"[1930,1940[",161,
clara,Bahia,"[1940,1950[",205,
clara,Bahia,"[1950,1960[",203,
clara,Bahia,"[1960,1970[",213,
clara,Bahia,"[1970,1980[",165,
clara,Bahia,"[1980,1990[",362,
clara,Bahia,"[1990,2000[",806,
clara,Bahia,"[2000,2010[",3980,
clara,Minas Gerais,1930[,140,
clara,Minas Gerais,"[1930,1940[",249,
clara,Minas Gerais,"[1940,1950[",364,
clara,Minas Gerais,"[1950,1960[",486,
clara,Minas Gerais,"[1960,1970[",425,
clara,Minas Gerais,"[1970,1980[",257,
clara,Minas Gerais,"[1980,1990[",469,
clara,Minas Gerais,"[1990,2000[",1586,
clara,Minas Gerais,"[2000,2010[",5242,
clara,Goiás,"[1930,1940[",35,
clara,Goiás,"[1940,1950[",62,
clara,Goiás,"[1950,1960[",67,
clara,Goiás,"[1960,1970[",65,
clara,Goiás,"[1970,1980[",73,
clara,Goiás,"[1980,1990[",132,
clara,Goiás,"[1990,2000[",272,
clara,Goiás,"[2000,2010[",1115,
clara,Pará,1930[,43,
clara,Pará,"[1930,1940[",67,
clara,Pará,"[1940,1950[",112,
clara,Pará,"[1950,1960[",134,
clara,Pará,"[1960,1970[",174,
clara,Pará,"[1970,1980[",167,
clara,Pará,"[1980,1990[",271,
clara,Pará,"[1990,2000[",404,
clara,Pará,"[2000,2010[",2086,
clara,Ceará,1930[,45,
clara,Ceará,"[1930,1940[",49,
clara,Ceará,"[1940,1950[",89,
clara,Ceará,"[1950,1960[",137,
clara,Ceará,"[1960,1970[",218,
clara,Ceará,"[1970,1980[",256,
clara,Ceará,"[1980,1990[",370,
clara,Ceará,"[1990,2000[",759,
clara,Ceará,"[2000,2010[",2980,
clara,Paraná,1930[,140,
clara,Paraná,"[1930,1940[",257,
clara,Paraná,"[1940,1950[",364,
clara,Paraná,"[1950,1960[",376,
clara,Paraná,"[1960,1970[",306,
clara,Paraná,"[1970,1980[",162,
clara,Paraná,"[1980,1990[",108,
clara,Paraná,"[1990,2000[",237,
clara,Paraná,"[2000,2010[",1307,
clara,Rio de Janeiro,1930[,172,
clara,Rio de Janeiro,"[1930,1940[",290,
clara,Rio de Janeiro,"[1940,1950[",356,
clara,Rio de Janeiro,"[1950,1960[",497,
clara,Rio de Janeiro,"[1960,1970[",485,
clara,Rio de Janeiro,"[1970,1980[",395,
clara,Rio de Janeiro,"[1980,1990[",838,
clara,Rio de Janeiro,"[1990,2000[",1769,
clara,Rio de Janeiro,"[2000,2010[",4605,
clara,Santa Catarina,1930[,160,
clara,Santa Catarina,"[1930,1940[",220,
clara,Santa Catarina,"[1940,1950[",232,
clara,Santa Catarina,"[1950,1960[",267,
clara,Santa Catarina,"[1960,1970[",216,
clara,Santa Catarina,"[1970,1980[",102,
clara,Santa Catarina,"[1980,1990[",91,
clara,Santa Catarina,"[1990,2000[",160,
clara,Santa Catarina,"[2000,2010[",896,
clara,Pernambuco,1930[,44,
clara,Pernambuco,"[1930,1940[",58,
clara,Pernambuco,"[1940,1950[",97,
clara,Pernambuco,"[1950,1960[",109,
clara,Pernambuco,"[1960,1970[",120,
clara,Pernambuco,"[1970,1980[",105,
clara,Pernambuco,"[1980,1990[",251,
clara,Pernambuco,"[1990,2000[",513,
clara,Pernambuco,"[2000,2010[",2325,
clara,Tocantins,"[1980,1990[",28,
clara,Tocantins,"[1990,2000[",59,
clara,Tocantins,"[2000,2010[",312,
clara,Rondônia,"[1940,1950[",20,
clara,Rondônia,"[1950,1960[",33,
clara,Rondônia,"[1960,1970[",17,
clara,Rondônia,"[1980,1990[",22,
clara,Rondônia,"[1990,2000[",55,
clara,Rondônia,"[2000,2010[",307,
clara,Maranhão,1930[,39,
clara,Maranhão,"[1930,1940[",47,
clara,Maranhão,"[1940,1950[",69,
clara,Maranhão,"[1950,1960[",97,
clara,Maranhão,"[1960,1970[",80,
clara,Maranhão,"[1970,1980[",91,
clara,Maranhão,"[1980,1990[",160,
clara,Maranhão,"[1990,2000[",375,
clara,Maranhão,"[2000,2010[",1666,
clara,Rio Grande do Norte,"[1960,1970[",21,
clara,Rio Grande do Norte,"[1970,1980[",33,
clara,Rio Grande do Norte,"[1980,1990[",133,
clara,Rio Grande do Norte,"[1990,2000[",464,
clara,Rio Grande do Norte,"[2000,2010[",1205,
clara,Piauí,1930[,35,
clara,Piauí,"[1930,1940[",36,
clara,Piauí,"[1940,1950[",54,
clara,Piauí,"[1950,1960[",60,
clara,Piauí,"[1960,1970[",53,
clara,Piauí,"[1970,1980[",56,
clara,Piauí,"[1980,1990[",82,
clara,Piauí,"[1990,2000[",280,
clara,Piauí,"[2000,2010[",804,
clara,Rio Grande do Sul,1930[,210,
clara,Rio Grande do Sul,"[1930,1940[",323,
clara,Rio Grande do Sul,"[1940,1950[",452,
clara,Rio Grande do Sul,"[1950,1960[",635,
clara,Rio Grande do Sul,"[1960,1970[",617,
clara,Rio Grande do Sul,"[1970,1980[",265,
clara,Rio Grande do Sul,"[1980,1990[",207,
clara,Rio Grande do Sul,"[1990,2000[",301,
clara,Rio Grande do Sul,"[2000,2010[",1418,
clara,Espírito Santo,1930[,42,
clara,Espírito Santo,"[1930,1940[",73,
clara,Espírito Santo,"[1940,1950[",76,
clara,Espírito Santo,"[1950,1960[",107,
clara,Espírito Santo,"[1960,1970[",83,
clara,Espírito Santo,"[1970,1980[",43,
clara,Espírito Santo,"[1980,1990[",87,
clara,Espírito Santo,"[1990,2000[",194,
clara,Espírito Santo,"[2000,2010[",795,
clara,Mato Grosso,"[1930,1940[",33,
clara,Mato Grosso,"[1940,1950[",50,
clara,Mato Grosso,"[1950,1960[",63,
clara,Mato Grosso,"[1960,1970[",58,
clara,Mato Grosso,"[1970,1980[",51,
clara,Mato Grosso,"[1980,1990[",55,
clara,Mato Grosso,"[1990,2000[",113,
clara,Mato Grosso,"[2000,2010[",478,
clara,Acre,"[1990,2000[",45,
clara,Acre,"[2000,2010[",266,
clara,Amazonas,1930[,31,
clara,Amazonas,"[1930,1940[",37,
clara,Amazonas,"[1940,1950[",40,
clara,Amazonas,"[1950,1960[",78,
clara,Amazonas,"[1960,1970[",84,
clara,Amazonas,"[1970,1980[",92,
clara,Amazonas,"[1980,1990[",144,
clara,Amazonas,"[1990,2000[",184,
clara,Amazonas,"[2000,2010[",1037,
clara,São Paulo,1930[,455,
clara,São Paulo,"[1930,1940[",789,
clara,São Paulo,"[1940,1950[",955,
clara,São Paulo,"[1950,1960[",1231,
clara,São Paulo,"[1960,1970[",952,
clara,São Paulo,"[1970,1980[",634,
clara,São Paulo,"[1980,1990[",903,
clara,São Paulo,"[1990,2000[",1585,
clara,São Paulo,"[2000,2010[",8132,
clara,Mato Grosso do Sul,"[1930,1940[",23,
clara,Mato Grosso do Sul,"[1940,1950[",31,
clara,Mato Grosso do Sul,"[1950,1960[",55,
clara,Mato Grosso do Sul,"[1960,1970[",66,
clara,Mato Grosso do Sul,"[1970,1980[",36,
clara,Mato Grosso do Sul,"[1980,1990[",57,
clara,Mato Grosso do Sul,"[1990,2000[",109,
clara,Mato Grosso do Sul,"[2000,2010[",515,
clara,Paraíba,1930[,15,
clara,Paraíba,"[1930,1940[",21,
clara,Paraíba,"[1940,1950[",36,
clara,Paraíba,"[1950,1960[",43,
clara,Paraíba,"[1960,1970[",40,
clara,Paraíba,"[1970,1980[",36,
clara,Paraíba,"[1980,1990[",116,
clara,Paraíba,"[1990,2000[",274,
clara,Paraíba,"[2000,2010[",877,
clara,Alagoas,"[1950,1960[",24,
clara,Alagoas,"[1960,1970[",44,
clara,Alagoas,"[1970,1980[",49,
clara,Alagoas,"[1980,1990[",87,
clara,Alagoas,"[1990,2000[",207,
clara,Alagoas,"[2000,2010[",1066,
clara,Roraima,"[1970,1980[",19,
clara,Roraima,"[1990,2000[",31,
clara,Roraima,"[2000,2010[",169,
clara,Sergipe,"[1940,1950[",31,
clara,Sergipe,"[1950,1960[",49,
clara,Sergipe,"[1960,1970[",70,
clara,Sergipe,"[1970,1980[",77,
clara,Sergipe,"[1980,1990[",76,
clara,Sergipe,"[1990,2000[",159,
clara,Sergipe,"[2000,2010[",829,
clara,Amapá,"[1980,1990[",16,
clara,Amapá,"[1990,2000[",47,
clara,Amapá,"[2000,2010[",232,
clara,Distrito Federal,"[1930,1940[",16,
clara,Distrito Federal,"[1940,1950[",35,
clara,Distrito Federal,"[1950,1960[",50,
clara,Distrito Federal,"[1960,1970[",53,
clara,Distrito Federal,"[1970,1980[",74,
clara,Distrito Federal,"[1980,1990[",120,
clara,Distrito Federal,"[1990,2000[",297,
clara,Distrito Federal,"[2000,2010[",834,
clara,Todos os estados,Todas as décadas,,82623
